bank_id,display_name,bank_type,year,total_assets_tk_mn,loans_tk_mn,deposits_tk_mn,equity_tk_mn,nii_tk_mn,non_interest_income_tk_mn,npat_tk_mn,npl_amount_tk_mn,eps_bdt,roa_pct,roe_pct,npl_pct,provision_coverage_pct,loan_deposit_pct,car_pct,cost_income_pct
bank_asia_plc,Bank Asia PLC,CB,2015,224347.0,136396.32,169827.0,,,,,,,,,,,,80.31,
bank_asia_plc,Bank Asia PLC,CB,2016,253195.7,163609.78,191272.58,19038.48,3968.45,3756.18,1545.91,8851.29,1.57,0.65,8.13,5.41,50.8,76.15,12.42,44.35
bank_asia_plc,Bank Asia PLC,CB,2017,288996.64,197504.14,207041.47,21054.49,5570.01,4120.56,2047.53,8650.68,1.84,0.76,10.21,4.38,43.27,81.88,14.89,44.12
bank_asia_plc,Bank Asia PLC,CB,2018,307291.4,214618.15,222471.72,23340.13,7902.69,4015.84,2266.28,8799.34,1.94,0.76,10.21,4.1,44.19,81.75,15.05,42.93
bank_asia_plc,Bank Asia PLC,CB,2019,353800.37,227298.96,253709.57,24745.12,8400.76,4456.4,1960.81,10478.48,1.68,0.59,8.16,4.61,43.93,76.47,17.93,42.33
bank_asia_plc,Bank Asia PLC,CB,2020,408717.15,244642.03,303028.11,27380.9,3185.32,4462.27,2035.71,7926.4,1.75,0.53,7.81,3.24,51.96,69.42,16.93,54.42
bank_asia_plc,Bank Asia PLC,CB,2021,438293.29,262266.7,317782.43,27356.64,5639.88,6609.12,2706.74,13480.51,2.32,0.64,9.89,5.14,54.12,65.58,15.72,44.93
bank_asia_plc,Bank Asia PLC,CB,2022,468400.94,277870.36,337695.42,28640.25,5506.73,8596.86,3045.87,13532.3,2.61,0.67,10.88,4.87,77.79,68.17,17.7,47.14
bank_asia_plc,Bank Asia PLC,CB,2023,474147.76,291325.04,361536.3,29519.53,6233.07,7532.73,2395.8,19518.78,1.72,0.51,8.24,6.7,80.06,72.48,16.45,45.02
bank_asia_plc,Bank Asia PLC,CB,2024,532901.82,293725.6,416559.45,31842.29,6029.97,7812.95,2774.6,33484.72,1.88,0.55,9.04,11.4,67.75,64.13,15.61,37.0
bank_asia_plc,Bank Asia PLC,CB,2025,589486.81,294682.3,456482.91,35228.64,-1377.09,9042.32,4455.82,24698.37,3.19,0.79,13.29,8.38,91.05,55.77,15.13,35.73
brac_bank_plc,BRAC Bank PLC,CB,2015,224493.0,147434.0,143321.0,18815.0,8716.0,3960.0,2435.0,8831.3,3.43,1.13,13.32,5.99,77.94,82.24,12.29,56.29
brac_bank_plc,BRAC Bank PLC,CB,2016,248605.0,173612.0,168860.0,21441.0,10806.0,2661.0,4460.0,5902.8,5.23,1.89,22.16,3.4,94.0,83.47,12.06,57.0
brac_bank_plc,BRAC Bank PLC,CB,2017,279187.0,202559.0,196224.0,25991.0,12147.0,2981.0,5250.0,7211.1,4.91,2.02,22.14,3.56,86.0,83.39,11.97,60.0
brac_bank_plc,BRAC Bank PLC,CB,2018,315417.0,238008.0,233509.0,31638.0,13538.0,2666.0,5547.0,7378.3,4.5,1.87,19.25,3.1,76.0,82.78,15.7,64.0
brac_bank_plc,BRAC Bank PLC,CB,2019,369404.0,264091.0,268309.0,38919.0,15038.0,3279.0,5646.0,10537.2,4.26,1.64,15.6,3.99,65.0,82.1,16.16,68.0
brac_bank_plc,BRAC Bank PLC,CB,2020,397502.0,273063.0,289054.0,46955.0,11380.0,2672.0,4541.0,8000.8,3.42,1.18,10.58,2.93,114.0,76.69,15.13,71.0
brac_bank_plc,BRAC Bank PLC,CB,2021,449084.0,321212.0,314591.0,54419.0,13997.0,3586.0,5547.0,12527.3,3.71,1.31,11.0,3.9,108.0,81.86,20.42,68.0
brac_bank_plc,BRAC Bank PLC,CB,2022,563271.0,410676.0,384467.0,58418.0,15235.0,6152.0,5763.0,15277.2,3.58,1.14,10.22,3.72,99.0,79.94,19.38,70.0
brac_bank_plc,BRAC Bank PLC,CB,2023,726723.0,519452.0,513909.0,63782.0,17719.0,6317.0,7304.0,17557.5,4.13,1.13,11.95,3.38,102.0,74.29,18.6,66.0
brac_bank_plc,BRAC Bank PLC,CB,2024,930133.0,623372.0,689433.0,75797.0,13461.0,9524.0,12136.0,16394.7,6.1,1.46,17.36,2.63,120.0,70.75,19.05,57.0
brac_bank_plc,BRAC Bank PLC,CB,2025,1179672.0,730659.0,889517.0,99702.0,11778.0,8233.0,15809.0,16587.0,7.94,1.5,18.02,2.27,120.0,63.48,19.64,52.0
city_bank_plc,City Bank PLC,CB,2015,210221.0,143088.0,143729.0,20890.0,5506.0,2888.0,3600.0,10845.0,4.1,1.9,18.3,7.6,57.5,79.2,13.2,47.6
city_bank_plc,City Bank PLC,CB,2016,254776.0,175025.0,174695.0,20653.0,6477.0,3173.0,3956.0,10582.0,4.5,1.7,19.0,6.0,59.6,80.4,13.2,47.6
city_bank_plc,City Bank PLC,CB,2017,275531.0,196596.0,183493.0,24869.0,7495.0,4630.0,3628.0,10678.0,4.1,1.4,15.9,5.4,56.7,84.9,14.7,53.9
city_bank_plc,City Bank PLC,CB,2018,324780.0,231391.0,205170.0,24430.0,9201.0,4859.0,2018.0,12326.0,2.1,0.7,8.2,5.3,64.6,82.5,13.4,58.0
city_bank_plc,City Bank PLC,CB,2019,354689.0,246944.0,246704.0,25416.0,10832.0,5367.0,2472.0,14244.0,2.4,0.7,9.9,5.8,71.0,79.1,15.2,54.7
city_bank_plc,City Bank PLC,CB,2020,382926.0,268202.0,254781.0,28818.0,8363.0,4936.0,4012.0,10850.0,3.9,1.1,14.8,4.0,83.8,74.7,15.5,57.9
city_bank_plc,City Bank PLC,CB,2021,416902.0,286380.0,282064.0,31224.0,12048.0,6776.0,4743.0,13906.0,4.4,1.2,15.8,4.9,90.1,84.7,14.2,48.6
city_bank_plc,City Bank PLC,CB,2022,506847.0,354774.0,331890.0,32845.0,12359.0,8624.0,4508.0,13671.0,3.8,1.0,14.1,3.9,104.7,83.2,14.5,51.9
city_bank_plc,City Bank PLC,CB,2023,555738.0,396078.0,392510.0,37220.0,15831.0,7063.0,6151.0,14385.0,5.0,1.2,17.6,3.6,110.1,83.7,15.8,51.1
city_bank_plc,City Bank PLC,CB,2024,698062.0,444978.0,514204.0,46121.0,14742.0,8431.0,10851.0,16569.0,8.1,1.7,26.0,3.7,106.8,74.7,16.0,42.1
city_bank_plc,City Bank PLC,CB,2025,843341.0,506201.0,631642.0,61102.0,2847.0,9443.0,13059.0,12669.0,8.6,1.7,24.4,2.5,127.0,71.3,15.7,43.7
dutch_bangla_bank_plc,Dutch-Bangla Bank PLC,CB,2015,244057.6,152270.0,186765.0,16754.3,9788.0,3761.4,3020.3,5634.0,15.1,1.3,19.3,3.6999999999999997,,81.5,13.700000000000001,58.8
dutch_bangla_bank_plc,Dutch-Bangla Bank PLC,CB,2016,264797.4,173397.8,207234.0,17672.7,9963.5,3895.8,1775.2,9016.7,8.9,0.7000000000000001,10.299999999999999,5.2,,79.4,13.100000000000001,65.3
dutch_bangla_bank_plc,Dutch-Bangla Bank PLC,CB,2017,311906.8,207257.4,233796.4,19482.2,,,2455.2,9741.1,12.3,0.8999999999999999,13.200000000000001,4.7,,75.6,13.0,69.3
dutch_bangla_bank_plc,Dutch-Bangla Bank PLC,CB,2018,346468.8,231553.9,262467.7,23086.0,,,4201.4,9493.7,21.0,1.3,19.7,4.1000000000000005,,77.2,15.6,61.6
dutch_bangla_bank_plc,Dutch-Bangla Bank PLC,CB,2019,390362.0,256239.7,302159.2,27443.3,17784.0,5749.7,4341.4,11274.5,8.7,1.2,17.2,4.3999999999999995,,73.9,15.5,58.199999999999996
dutch_bangla_bank_plc,Dutch-Bangla Bank PLC,CB,2020,472355.4,273382.9,362611.0,32256.7,14129.7,5340.8,5498.7,6014.4,10.0,1.3,18.4,2.1999999999999997,,64.3,17.2,60.5
dutch_bangla_bank_plc,Dutch-Bangla Bank PLC,CB,2021,514399.8,319448.1,401500.3,36966.4,,,5561.1,11819.6,8.8,1.0999999999999999,16.1,3.6999999999999997,,71.8,16.400000000000002,58.8
dutch_bangla_bank_plc,Dutch-Bangla Bank PLC,CB,2022,555473.6,364000.8,438131.3,41638.8,,,5661.7,15652.0,8.14,1.0999999999999999,14.399999999999999,4.3,,76.5,15.6,61.3
dutch_bangla_bank_plc,Dutch-Bangla Bank PLC,CB,2023,593883.1,412073.0,472590.1,48172.8,,,8017.4,16895.0,10.72,1.4000000000000001,17.9,4.1000000000000005,,82.6,16.2,59.5
dutch_bangla_bank_plc,Dutch-Bangla Bank PLC,CB,2024,679875.5,428689.4,521872.5,51608.2,29256.2,7258.4,4734.8,33009.1,5.39,0.7000000000000001,9.5,7.7,75.9,77.9,13.8,52.400000000000006
dutch_bangla_bank_plc,Dutch-Bangla Bank PLC,CB,2025,817797.6,450503.8,622057.8,60070.5,19871.9,10078.5,9647.7,28832.2,9.98,1.3,17.299999999999997,6.4,118.19999999999999,68.0,17.1,49.7
eastern_bank_plc,Eastern Bank PLC,CB,2015,189563.0,130226.0,127990.0,20496.0,3545.0,6542.0,2221.0,4258.4,3.63,1.23,10.95,3.27,116.85,87.87,13.92,48.33
eastern_bank_plc,Eastern Bank PLC,CB,2016,,,,,,,,,,,,,,,,
eastern_bank_plc,Eastern Bank PLC,CB,2017,253068.0,184027.0,167348.0,21586.0,5745.0,6656.0,2405.0,4600.7,3.26,1.04,11.41,2.5,159.52,83.06,14.09,45.2
eastern_bank_plc,Eastern Bank PLC,CB,2018,282451.0,209306.0,199629.0,22966.0,7506.0,5633.0,3081.0,4918.7,4.17,1.15,13.83,2.35,150.39,83.08,12.16,45.63
eastern_bank_plc,Eastern Bank PLC,CB,2019,335163.0,232051.0,240164.0,25567.0,8159.0,6439.0,4008.0,7773.7,4.94,1.3,16.52,3.35,120.42,77.2,14.74,43.76
eastern_bank_plc,Eastern Bank PLC,CB,2020,336936.0,228944.0,242358.0,28976.0,5930.0,8204.0,4103.0,6227.3,5.05,1.22,15.04,2.72,179.51,74.13,15.03,45.8
eastern_bank_plc,Eastern Bank PLC,CB,2021,388815.0,269394.0,268019.0,31017.0,7761.0,9397.0,4654.0,9967.6,4.88,1.28,15.51,3.7,141.31,79.69,13.87,39.1
eastern_bank_plc,Eastern Bank PLC,CB,2022,455989.0,308916.0,317097.0,35045.0,6699.0,11090.0,5107.0,8587.9,4.76,1.21,15.46,2.78,168.46,77.83,14.61,43.53
eastern_bank_plc,Eastern Bank PLC,CB,2023,506271.0,353357.0,366104.0,37484.0,8148.0,12380.0,6109.0,10954.1,5.06,1.27,16.85,3.1,147.61,79.45,15.07,44.22
eastern_bank_plc,Eastern Bank PLC,CB,2024,616050.0,410718.0,457692.0,43064.0,10585.0,16042.0,7504.0,13718.0,5.53,1.34,18.63,3.34,114.49,80.19,14.65,40.95
eastern_bank_plc,Eastern Bank PLC,CB,2025,761604.0,477040.0,556454.0,50850.0,9833.0,21144.0,9010.0,10685.7,5.65,1.31,19.13,2.24,161.04,74.65,14.88,41.69
ific_bank_plc,IFIC Bank PLC,CB,2015,180737.39,125668.04,146848.21,12370.38,3774.51,4305.47,1057.14,8118.155384,1.87,0.53,7.61,6.46,33.92,83.96,10.24,55.3
ific_bank_plc,IFIC Bank PLC,CB,2016,200251.06,141258.76,160132.62,13922.4,4405.43,4247.43,1582.53,7472.588404,2.81,0.65,9.46,5.29,32.48,85.62,11.73,60.02
ific_bank_plc,IFIC Bank PLC,CB,2017,253249.0,179264.0,200206.0,20539.0,5492.0,4270.0,2068.0,11472.896,1.54,0.9,12.4,6.4,51.5,85.04,13.06,
ific_bank_plc,IFIC Bank PLC,CB,2018,283073.0,206930.0,226364.0,22116.0,4560.0,4441.0,1570.0,12746.888,1.07,0.6,7.4,6.16,46.7,86.83,12.99,
ific_bank_plc,IFIC Bank PLC,CB,2019,316950.0,228589.0,258368.0,24597.0,6398.0,4722.0,2444.0,12275.2293,1.51,0.8,10.5,5.37,49.2,84.08,13.42,54.9
ific_bank_plc,IFIC Bank PLC,CB,2020,363412.0,260650.0,296374.0,25217.0,2864.0,5560.0,562.0,10347.805,0.35,0.2,2.3,3.97,75.8,82.4,12.96,65.4
ific_bank_plc,IFIC Bank PLC,CB,2021,410402.92,306333.35,332751.26,30236.31,7165.0,7188.0,2541.0,18655.70102,1.42,0.61,8.4,6.09,54.47,92.06,13.89,47.05
ific_bank_plc,IFIC Bank PLC,CB,2022,470548.02,355858.87,375552.71,33609.0,8099.0,7458.0,3442.0,19963.68261,1.93,0.78,10.24,5.61,66.11,94.76,13.62,54.17
ific_bank_plc,IFIC Bank PLC,CB,2023,529936.5,414982.8,442071.4,36125.3,8377.0,7282.6,3005.2,33157.12572,1.56,0.57,8.32,7.99,44.0,93.9,12.74,65.3
ific_bank_plc,IFIC Bank PLC,CB,2024,565693.6,447266.1,474592.0,31045.4,2733.6,8823.6,-1024.7,245862.1752,-0.53,-0.19,-3.25,54.97,5.46,91.34,7.96,98.73
ific_bank_plc,IFIC Bank PLC,CB,2025,586402.1,443295.0,517162.0,5658.3,-22094.7,10182.5,-25616.9,272493.4365,-13.33,-4.45,-139.59,61.47,2.91,84.19,2.45,-101.27
mercantile_bank_plc,Mercantile Bank PLC,CB,2015,182800.17,126338.83,154869.52,15513.73,2304.15,5639.87,1393.29,6250.77,1.88,0.79,9.6,4.95,100.07,81.58,11.87,50.46000000000001
mercantile_bank_plc,Mercantile Bank PLC,CB,2016,204127.47,150912.52,165257.45,16809.61,3157.72,6931.26,2227.36,7745.88,3.01,1.15,13.780000000000001,5.13,90.81,91.32000000000001,13.03,56.03
mercantile_bank_plc,Mercantile Bank PLC,CB,2017,260169.93,199660.72,220516.63,17584.02,6203.98,5650.33,3017.73,7564.72,3.7,1.3,17.549999999999997,3.7900000000000005,52.44,84.25,11.93,44.57
mercantile_bank_plc,Mercantile Bank PLC,CB,2018,291385.64,224230.61,243643.42,18683.55,7482.8,4357.71,3000.95,10802.43,3.68,1.09,16.55,4.82,44.1,86.3,13.28,46.410000000000004
mercantile_bank_plc,Mercantile Bank PLC,CB,2019,316363.47,236890.45,262961.05,20908.29,8600.64,4575.36,2175.49,11502.61,2.32,0.7799999999999999,10.99,4.859999999999999,39.300000000000004,84.1,13.919999999999998,44.17
mercantile_bank_plc,Mercantile Bank PLC,CB,2020,330785.56,248994.39,252817.4,22101.78,6616.23,3927.34,2161.32,11751.16,2.2,0.73,10.05,4.72,41.55,84.3,13.61,62.56
mercantile_bank_plc,Mercantile Bank PLC,CB,2021,359411.36,266766.89,274905.61,24403.9,8895.23,4482.98,3418.62,12112.51,3.31,0.9900000000000001,14.7,4.54,42.36,85.98,14.09,54.31
mercantile_bank_plc,Mercantile Bank PLC,CB,2022,382328.47,280890.53,294060.0,25275.15,8628.54,6729.1,2202.58,19928.63,1.99,0.59,8.870000000000001,7.090000000000001,40.46,86.82,14.35,53.52
mercantile_bank_plc,Mercantile Bank PLC,CB,2023,402173.04,284830.98,317227.09,25984.47,7413.24,6336.05,2028.61,17313.35,1.83,0.52,7.920000000000001,6.08,36.96,85.57000000000001,14.790000000000001,60.650000000000006
mercantile_bank_plc,Mercantile Bank PLC,CB,2024,444690.3,300025.11,355121.12,25810.06,7904.06,6202.27,631.22,51761.7,0.57,0.15,2.44,17.25,22.12,82.53,13.07,60.06
mercantile_bank_plc,Mercantile Bank PLC,CB,2025,477887.53,285935.57,394682.05,26465.41,9546.99,4347.58,1199.87,43420.65,1.08,0.26,4.590000000000001,15.190000000000001,14.87,72.89,12.520000000000001,58.13
mutual_trust_bank_plc,Mutual Trust Bank PLC,CB,2015,189563.0,130226.0,127990.0,20496.0,3545.0,6542.0,2221.0,4258.4,3.63,1.23,10.95,3.27,116.85000000000001,87.87,13.919999999999998,48.33
mutual_trust_bank_plc,Mutual Trust Bank PLC,CB,2016,165370.0,114356.0,131272.0,,,,1464.0,,3.3,,15.61,,,,,
mutual_trust_bank_plc,Mutual Trust Bank PLC,CB,2017,253068.0,184027.0,167348.0,21586.0,5745.0,6656.0,2405.0,4600.7,3.26,1.04,11.41,2.5,159.51999999999998,83.06,14.09,45.2
mutual_trust_bank_plc,Mutual Trust Bank PLC,CB,2018,282451.0,209306.0,199629.0,22966.0,7506.0,5633.0,3081.0,4918.7,4.17,1.15,13.83,2.35,150.39000000000001,83.08,12.16,45.629999999999995
mutual_trust_bank_plc,Mutual Trust Bank PLC,CB,2019,335163.0,232051.0,240164.0,25567.0,8159.0,6439.0,4008.0,7773.7,4.94,1.3,16.520000000000003,3.35,120.41999999999999,77.2,14.74,43.76
mutual_trust_bank_plc,Mutual Trust Bank PLC,CB,2020,336936.0,228944.0,242358.0,28976.0,5930.0,8204.0,4103.0,6227.3,5.05,1.22,15.040000000000001,2.7199999999999998,179.51,74.13,15.03,45.800000000000004
mutual_trust_bank_plc,Mutual Trust Bank PLC,CB,2021,306501.0,226012.0,211782.0,19655.0,5747.0,7057.0,2973.0,13108.7,3.66,1.03,16.220000000000002,5.800000000000001,71.11,82.42,14.41,55.78999999999999
mutual_trust_bank_plc,Mutual Trust Bank PLC,CB,2022,353644.0,253836.0,232657.0,21331.0,3867.0,12235.0,2369.0,14646.3,2.65,0.72,11.559999999999999,5.7700000000000005,85.7,83.97,14.499999999999998,51.54
mutual_trust_bank_plc,Mutual Trust Bank PLC,CB,2023,366606.0,261023.0,262584.0,24106.0,7253.0,10233.0,2860.0,17227.52,2.91,0.79,12.590000000000002,6.6000000000000005,91.7,84.19,14.979999999999999,53.05
mutual_trust_bank_plc,Mutual Trust Bank PLC,CB,2024,457204.0,300780.0,328837.0,25505.0,8065.0,14444.0,3167.0,20904.21,3.22,0.77,12.770000000000001,6.950000000000001,96.66,76.75999999999999,13.62,47.589999999999996
mutual_trust_bank_plc,Mutual Trust Bank PLC,CB,2025,505192.0,319105.0,364086.0,30403.0,2848.0,19647.0,3393.0,18412.76,3.14,0.7100000000000001,12.139999999999999,5.7700000000000005,111.07000000000001,75.05,13.55,53.790000000000006
prime_bank_plc,Prime Bank PLC,CB,2015,252161.0,151865.0,194825.0,26415.0,1294.0,10779.0,2139.0,11882.8,2.08,0.84,8.41,7.82,44.83,77.95,12.69,51.71
prime_bank_plc,Prime Bank PLC,CB,2016,256599.0,170212.0,197934.0,25285.0,3313.0,8710.0,2195.0,10139.48,2.13,0.86,8.49,5.96,33.53,85.99,12.3,53.75
prime_bank_plc,Prime Bank PLC,CB,2017,281467.0,198323.0,199014.0,24901.0,4894.0,7255.0,1252.0,10799.0,1.11,0.45,5.07,5.45,83.0,84.43,14.01,55.98
prime_bank_plc,Prime Bank PLC,CB,2018,295613.0,205810.0,197518.0,27894.0,7650.0,5250.0,2193.0,12686.0,1.94,0.76,8.31,6.16,65.0,82.65,17.04,55.66
prime_bank_plc,Prime Bank PLC,CB,2019,323788.0,213955.0,216444.0,28150.0,8273.0,5858.0,1662.0,9966.0,1.47,0.54,5.93,4.66,103.0,80.11,17.42,50.82
prime_bank_plc,Prime Bank PLC,CB,2020,345724.0,232400.0,233028.0,27254.0,5574.0,7080.0,1797.0,8034.0,1.59,0.54,6.67,3.46,151.0,79.5,17.28,54.88
prime_bank_plc,Prime Bank PLC,CB,2021,388100.0,263015.0,243070.0,28377.0,8063.0,6986.0,3111.0,12713.0,2.75,0.85,11.18,4.83,109.0,83.99,17.17,45.24
prime_bank_plc,Prime Bank PLC,CB,2022,431604.0,296481.0,265841.0,30863.0,8363.0,8139.0,4022.0,10132.0,3.55,0.98,13.58,3.42,140.0,85.3,16.78,46.99
prime_bank_plc,Prime Bank PLC,CB,2023,471285.0,315293.0,305269.0,33614.0,9284.0,8483.0,4838.0,11168.0,4.27,1.07,15.01,3.54,150.0,79.35,17.59,47.12
prime_bank_plc,Prime Bank PLC,CB,2024,548118.0,343458.0,358868.0,39020.0,9222.0,14616.0,7446.0,14489.0,6.42,1.46,20.56,4.22,119.0,78.1,17.37,40.15
prime_bank_plc,Prime Bank PLC,CB,2025,648977.0,353255.0,444943.0,46394.0,3766.0,21770.0,8904.0,9631.0,7.67,1.49,20.85,2.73,151.0,68.28,18.07,44.23
pubali_bank_plc,Pubali Bank PLC,CB,2015,,,,,,,,,,,,,,,,
pubali_bank_plc,Pubali Bank PLC,CB,2016,320361.89,203011.23,247278.5,25144.4,7144.23,6804.81,1334.95,10921.46,1.4,0.42,5.3100000000000005,5.38,106.97000000000001,82.1,11.219999999999999,53.0
pubali_bank_plc,Pubali Bank PLC,CB,2017,368314.62,239539.6,271605.83,24420.31,7855.9,8293.92,-281.2,20786.94,-0.28,-0.08,-1.15,8.68,100.01,83.34,12.34,49.480000000000004
pubali_bank_plc,Pubali Bank PLC,CB,2018,409744.09,270909.51,308899.77,27377.1,9021.49,8237.97,3424.06,14778.27,3.33,0.84,12.509999999999998,5.46,100.0,82.94,12.17,48.68
pubali_bank_plc,Pubali Bank PLC,CB,2019,478074.84,287034.67,359418.89,32271.71,8368.88,10041.0,2143.27,12560.6,2.08,0.44999999999999996,7.51,4.38,100.01,76.21,13.8,48.63
pubali_bank_plc,Pubali Bank PLC,CB,2020,565032.07,315578.9,429343.02,38808.04,2865.04,15458.99,3669.51,8622.01,3.57,0.65,9.46,2.73,106.19000000000001,70.71,14.729999999999999,54.269999999999996
pubali_bank_plc,Pubali Bank PLC,CB,2021,629481.34,376656.43,462400.22,39453.55,836.88,3616.72,3904.55,11480.11,3.8,0.65,9.82,3.05,100.11000000000001,77.58,14.23,53.080000000000005
pubali_bank_plc,Pubali Bank PLC,CB,2022,712755.71,461884.13,510836.52,42486.09,6572.6,4881.74,5321.77,12121.23,5.18,0.79,12.53,2.62,100.13000000000001,84.78999999999999,13.84,55.00000000000001
pubali_bank_plc,Pubali Bank PLC,CB,2023,814866.57,554495.5,606296.41,46844.04,10019.77,4897.96,6808.47,15862.02,5.89,0.89,15.260000000000002,2.86,100.31000000000002,86.85000000000001,13.87,49.75
pubali_bank_plc,Pubali Bank PLC,CB,2024,981203.16,629254.27,745231.77,52605.95,15081.43,6545.02,7624.52,27407.76,5.86,0.8500000000000001,14.57,4.36,100.15,77.32,13.77,46.050000000000004
pubali_bank_plc,Pubali Bank PLC,CB,2025,1180136.62,711406.26,895194.94,69611.97,9495.7,7126.15,10795.56,15643.59,8.3,1.0,15.509999999999998,2.1999999999999997,100.0,72.53,15.340000000000002,44.47
southeast_bank_plc,Southeast Bank PLC,CB,2015,260718.03,168878.46,210431.09,27206.66,3138.46,8465.93,3069.42,7193.82,3.35,1.23,11.86,4.25,32.300000000000004,80.25,11.52,30.769999999999996
southeast_bank_plc,Southeast Bank PLC,CB,2016,291798.01,191865.59,229973.43,26523.56,4207.21,3565.64,2435.07,9257.79,2.66,0.88,9.06,4.89,66.53,83.43,12.15,33.839999999999996
southeast_bank_plc,Southeast Bank PLC,CB,2017,339288.05,234316.72,269828.08,25823.65,4027.69,4334.7,1168.63,13878.53,1.11,0.37,4.46,5.99,72.55,82.12,10.84,34.96
southeast_bank_plc,Southeast Bank PLC,CB,2018,381575.68,267671.63,298334.79,28116.66,5199.94,4632.22,2473.21,15558.85,2.13,0.69,9.17,5.87,85.37,81.55,12.379999999999999,34.61
southeast_bank_plc,Southeast Bank PLC,CB,2019,422312.71,296752.96,329250.27,30499.46,4256.99,4844.75,2508.56,14375.29,2.11,0.62,8.559999999999999,4.87,130.6,81.63,11.52,37.580000000000005
southeast_bank_plc,Southeast Bank PLC,CB,2020,465293.41,322251.46,359535.94,29703.77,2481.41,11289.14,2149.1,9939.76,1.81,0.47000000000000003,7.140000000000001,3.1,240.11,80.25999999999999,14.35,39.98
southeast_bank_plc,Southeast Bank PLC,CB,2021,495841.96,336329.37,376700.77,29987.33,2921.56,11751.22,1784.3,16035.56,1.5,0.37,5.9799999999999995,4.81,163.54999999999998,78.7,13.86,40.9
southeast_bank_plc,Southeast Bank PLC,CB,2022,493092.84,347743.59,371143.44,30755.56,3144.32,14443.01,1752.38,22570.29,1.42,0.36,5.7700000000000005,6.54,127.66999999999999,84.86,12.75,40.699999999999996
southeast_bank_plc,Southeast Bank PLC,CB,2023,510864.24,354353.23,386402.44,32044.73,2661.03,14118.37,2133.83,33899.63,1.66,0.42,6.800000000000001,9.65,89.49000000000001,85.81,13.41,47.21
southeast_bank_plc,Southeast Bank PLC,CB,2024,545858.6,372907.25,411343.9,31543.57,4021.2,15142.09,432.64,54813.65,0.32,0.09,1.3599999999999999,14.82,59.68,85.49,11.64,38.83
southeast_bank_plc,Southeast Bank PLC,CB,2025,554424.56,377258.69,439234.9,34418.82,2115.55,17702.47,3350.33,28127.54,2.51,0.61,10.16,7.51,80.61,83.32000000000001,13.61,39.56
